<?xml version="1.0" encoding="UTF-8"?>
<project-private xmlns="http://www.netbeans.org/ns/project-private/1">
    <editor-bookmarks xmlns="http://www.netbeans.org/ns/editor-bookmarks/2" lastBookmarkId="0"/>
    <open-files xmlns="http://www.netbeans.org/ns/projectui-open-files/2">
        <group name="Banking_Software">
            <file>file:/C:/Users/rajat/OneDrive/Documents/NetBeansProjects/Banking_Application/src/banking_application/Accounts.java</file>
            <file>file:/C:/Users/rajat/OneDrive/Documents/NetBeansProjects/Banking_Application/src/banking_application/Banking_Application.java</file>
            <file>file:/C:/Users/rajat/OneDrive/Documents/NetBeansProjects/Banking_Application/src/banking_application/Bank_Manager.java</file>
            <file>file:/C:/Users/rajat/OneDrive/Documents/NetBeansProjects/Banking_Application/src/banking_application/User.java</file>
        </group>
    </open-files>
</project-private>
